{"auc_roc": [0.7845776081085205, 0.8590085506439209, 0.8784343600273132, 0.8888235092163086, 0.8979374170303345, 0.9070299863815308], "val_auc_roc": [0.8438867330551147, 0.8585724830627441, 0.8667058348655701, 0.8688926696777344, 0.8639376759529114, 0.866340160369873], "auc_pr": [0.36033788323402405, 0.5318036675453186, 0.5751639604568481, 0.6042537689208984, 0.6347610950469971, 0.6592947840690613], "val_auc_pr": [0.4529304504394531, 0.4925324618816376, 0.5033476948738098, 0.5090597867965698, 0.4952698051929474, 0.483119398355484], "precision": [0.39615076780319214, 0.7116843461990356, 0.715775728225708, 0.7458704113960266, 0.779411792755127, 0.7865168452262878], "val_precision": [0.6419752836227417, 0.6090909242630005, 0.6883116960525513, 0.6739130616188049, 0.5871559381484985, 0.6106194853782654], "recall": [0.30325353145599365, 0.287906676530838, 0.33701658248901367, 0.3603437542915344, 0.39042356610298157, 0.4297114908695221], "val_recall": [0.24413146078586578, 0.31455397605895996, 0.2488262951374054, 0.2910798192024231, 0.3004694879055023, 0.3239436745643616]}