{"auc_roc": [0.7898300886154175, 0.8554133176803589, 0.873862624168396, 0.8828360438346863, 0.889701783657074, 0.8918431997299194, 0.8954049348831177, 0.897580087184906, 0.9016631841659546, 0.9026316404342651, 0.9045826196670532, 0.9063800573348999, 0.9082759618759155, 0.9104173183441162, 0.9092156887054443, 0.9119014739990234, 0.9131544828414917, 0.9135152101516724, 0.9143236875534058, 0.9141756296157837, 0.9143679738044739, 0.9156515598297119, 0.917712390422821, 0.9176405668258667], "val_auc_roc": [0.8538401126861572, 0.8615890741348267, 0.8624164462089539, 0.8657999038696289, 0.8660846948623657, 0.8677183389663696, 0.8699299097061157, 0.8699826002120972, 0.8698126077651978, 0.8716163039207458, 0.8725468516349792, 0.8713420629501343, 0.8719584941864014, 0.8705920577049255, 0.8727472424507141, 0.8727988004684448, 0.8728175759315491, 0.8733812570571899, 0.8736519813537598, 0.8741395473480225, 0.87205570936203, 0.8745555877685547, 0.8742942214012146, 0.8737797141075134], "auc_pr": [0.37859585881233215, 0.5327121615409851, 0.5684515833854675, 0.5968549251556396, 0.6028697490692139, 0.6150673031806946, 0.6233914494514465, 0.6318406462669373, 0.6438576579093933, 0.6422454118728638, 0.6503351330757141, 0.6525315642356873, 0.660552442073822, 0.6608396768569946, 0.6639088988304138, 0.666409969329834, 0.6714847087860107, 0.6766207218170166, 0.6784284114837646, 0.6793382167816162, 0.6787872314453125, 0.6813479661941528, 0.6827580332756042, 0.6857566833496094], "val_auc_pr": [0.45861873030662537, 0.48938432335853577, 0.4939790964126587, 0.5002661347389221, 0.5011773705482483, 0.5047798752784729, 0.5067073702812195, 0.5069677829742432, 0.5068777203559875, 0.5089948177337646, 0.509859561920166, 0.509590208530426, 0.5115554332733154, 0.5103358030319214, 0.5125323534011841, 0.513338029384613, 0.5126553773880005, 0.5134653449058533, 0.5133510231971741, 0.5143879055976868, 0.5131288766860962, 0.5149219632148743, 0.5143720507621765, 0.5138068199157715], "precision": [0.5265957713127136, 0.6997422575950623, 0.7161458134651184, 0.7515605688095093, 0.748138964176178, 0.7463235259056091, 0.7655677795410156, 0.7650602459907532, 0.7651775479316711, 0.7780401706695557, 0.772357702255249, 0.7628635168075562, 0.7795637249946594, 0.7807909846305847, 0.7798165082931519, 0.7928653359413147, 0.7744774222373962, 0.7883538603782654, 0.7922815084457397, 0.786903440952301, 0.7889502644538879, 0.7911111116409302, 0.7860261797904968, 0.7966850996017456], "val_precision": [0.649350643157959, 0.6372548937797546, 0.6526315808296204, 0.6310679316520691, 0.6261682510375977, 0.6071428656578064, 0.6274510025978088, 0.6160714030265808, 0.6464646458625793, 0.6132075190544128, 0.6086956262588501, 0.6372548937797546, 0.625, 0.6499999761581421, 0.6173912882804871, 0.6239316463470459, 0.625, 0.626086950302124, 0.6194690465927124, 0.6239316463470459, 0.6111111044883728, 0.626086950302124, 0.6140350699424744, 0.6140350699424744], "recall": [0.24309392273426056, 0.3333333432674408, 0.3376304507255554, 0.3695518672466278, 0.37016573548316956, 0.37384897470474243, 0.38489872217178345, 0.3898096978664398, 0.41006752848625183, 0.4045426547527313, 0.4082258939743042, 0.4186617434024811, 0.41682013869285583, 0.4241866171360016, 0.4174340069293976, 0.4229588806629181, 0.4321669638156891, 0.4321669638156891, 0.4284837245941162, 0.4352363348007202, 0.43830570578575134, 0.43707796931266785, 0.4419889450073242, 0.44260281324386597], "val_recall": [0.23474177718162537, 0.30516430735588074, 0.2910798192024231, 0.30516430735588074, 0.31455397605895996, 0.31924882531166077, 0.3004694879055023, 0.3239436745643616, 0.3004694879055023, 0.30516430735588074, 0.32863849401474, 0.30516430735588074, 0.32863849401474, 0.30516430735588074, 0.3333333432674408, 0.34272301197052, 0.30516430735588074, 0.3380281627178192, 0.32863849401474, 0.34272301197052, 0.30985915660858154, 0.3380281627178192, 0.32863849401474, 0.32863849401474]}