{"auc_roc": [0.8039911389350891, 0.8753765821456909, 0.8939041495323181, 0.9072851538658142, 0.9164913296699524, 0.928143322467804, 0.9368581771850586, 0.9387106895446777, 0.9406783580780029], "val_auc_roc": [0.855667233467102, 0.8599377870559692, 0.8609843850135803, 0.865318238735199, 0.8644216656684875, 0.8654389977455139, 0.8659417033195496, 0.8657318949699402, 0.8664198517799377], "auc_pr": [0.41111013293266296, 0.5764646530151367, 0.6174069046974182, 0.6481553912162781, 0.6769165396690369, 0.7029342651367188, 0.7361607551574707, 0.7384101748466492, 0.7460781335830688], "val_auc_pr": [0.46949663758277893, 0.47823429107666016, 0.48580068349838257, 0.4913462996482849, 0.4904472529888153, 0.4906531274318695, 0.49020493030548096, 0.4902755320072174, 0.4907756745815277], "precision": [0.5732946395874023, 0.7579709887504578, 0.7465495467185974, 0.7864450216293335, 0.8121951222419739, 0.8132874965667725, 0.8541666865348816, 0.8479000926017761, 0.8416485786437988], "val_precision": [0.6419752836227417, 0.582524299621582, 0.7066666483879089, 0.6326530575752258, 0.6153846383094788, 0.6105263233184814, 0.5700934529304504, 0.5486725568771362, 0.5740740895271301], "recall": [0.2424800544977188, 0.3210558593273163, 0.3652547597885132, 0.3775322139263153, 0.40883979201316833, 0.43585020303726196, 0.45303866267204285, 0.45856353640556335, 0.476365864276886], "val_recall": [0.24413146078586578, 0.28169015049934387, 0.2488262951374054, 0.2910798192024231, 0.3004694879055023, 0.27230048179626465, 0.2863849699497223, 0.2910798192024231, 0.2910798192024231]}