{"roc_auc": {"1": [0.8167075514793396, 0.8703188896179199, 0.8886743783950806, 0.8967806696891785, 0.9039028286933899, 0.9077950716018677, 0.9137892723083496, 0.9155781865119934, 0.9150823950767517], "2": [0.8168674111366272, 0.8735522031784058, 0.8883410096168518, 0.8974252939224243, 0.9043605327606201, 0.9082427024841309, 0.9160202741622925, 0.9159574508666992, 0.9172536730766296, 0.9181288480758667, 0.917657196521759, 0.9181984066963196], "3": [0.813278317451477, 0.8713428974151611, 0.8854395747184753, 0.8949100971221924, 0.9001398682594299, 0.9062832593917847, 0.911527693271637, 0.9126056432723999, 0.913597583770752], "4": [0.8202460408210754, 0.8738329410552979, 0.8892251253128052, 0.8984938263893127, 0.9054089188575745, 0.9122939109802246, 0.9133250713348389, 0.9157891869544983], "5": [0.8143759369850159, 0.8724215030670166, 0.887170672416687, 0.8959945440292358, 0.9025430083274841, 0.9097562432289124, 0.9146891236305237, 0.9159877300262451, 0.9158974885940552, 0.9167834520339966, 0.9169309735298157, 0.9178903698921204, 0.9172565340995789], "6": [0.8158581256866455, 0.8720234036445618, 0.8867686986923218, 0.8940517902374268, 0.9020049571990967, 0.9084702730178833, 0.9088782668113708, 0.9104759693145752, 0.9107083082199097, 0.9116265773773193, 0.9118776321411133, 0.9115709066390991, 0.9111769199371338], "7": [0.8201285600662231, 0.8744597434997559, 0.8871984481811523, 0.8961729407310486, 0.903515636920929, 0.9085147976875305, 0.9128038883209229, 0.9174871444702148, 0.918303370475769, 0.9195684194564819], "8": [0.8160485029220581, 0.8746885657310486, 0.8919403553009033, 0.8973109126091003, 0.90541672706604, 0.9102364778518677, 0.9169511795043945, 0.9182107448577881, 0.9191224575042725], "9": [0.8195996284484863, 0.8737154006958008, 0.8866855502128601, 0.8939082622528076, 0.9009808897972107, 0.9048812985420227, 0.9105854630470276, 0.9144279360771179, 0.9180706143379211, 0.9194200038909912, 0.9203172326087952], "10": [0.8122917413711548, 0.8710241317749023, 0.8873552083969116, 0.8972690105438232, 0.9034390449523926, 0.908171534538269, 0.911115825176239, 0.9144082069396973, 0.9189757704734802, 0.9217306971549988, 0.9216248989105225]}, "val_roc_auc": {"1": [0.8410905003547668, 0.8547800183296204, 0.855692982673645, 0.8621105551719666, 0.8604440689086914, 0.859614372253418, 0.8595123887062073, 0.8591502904891968, 0.8584693670272827], "2": [0.8543581366539001, 0.8563586473464966, 0.8644380569458008, 0.865932285785675, 0.8662920594215393, 0.8674805164337158, 0.868313729763031, 0.8675343990325928, 0.8687930703163147, 0.8689254522323608, 0.8689911365509033, 0.868975818157196], "3": [0.8494336009025574, 0.8550776839256287, 0.8582618832588196, 0.8616464734077454, 0.8611941337585449, 0.8632156848907471, 0.8629379868507385, 0.8643091917037964, 0.8639915585517883], "4": [0.8502739071846008, 0.8583779335021973, 0.8666554093360901, 0.8665640354156494, 0.865681529045105, 0.8669250011444092, 0.866723358631134, 0.8664842844009399], "5": [0.8548187017440796, 0.8530256748199463, 0.8569340705871582, 0.8608835935592651, 0.8609210252761841, 0.8612914085388184, 0.8628711700439453, 0.8629192113876343, 0.8617203235626221, 0.8620051145553589, 0.8620601296424866, 0.8620578050613403, 0.8620402812957764], "6": [0.8522416353225708, 0.852596640586853, 0.8616454005241394, 0.8605835437774658, 0.8619500398635864, 0.8622066974639893, 0.8629931211471558, 0.8627527952194214, 0.8628477454185486, 0.8627656698226929, 0.8628371953964233, 0.8627785444259644, 0.8627550601959229], "7": [0.8425859212875366, 0.852328360080719, 0.8599894046783447, 0.8585256338119507, 0.8618468642234802, 0.8631160855293274, 0.8600021600723267, 0.8615350723266602, 0.8615655303001404, 0.8615504503250122], "8": [0.8554562330245972, 0.8546194434165955, 0.8625277876853943, 0.8653779625892639, 0.8620074987411499, 0.864163875579834, 0.8653568625450134, 0.8643032908439636, 0.8647040724754333], "9": [0.8448207378387451, 0.8497148752212524, 0.8611202836036682, 0.8595428466796875, 0.8624211549758911, 0.8607007265090942, 0.8623156547546387, 0.8605624437332153, 0.8619676232337952, 0.861836314201355, 0.8620554804801941], "10": [0.8427101373672485, 0.8599787950515747, 0.861399233341217, 0.8610546588897705, 0.8633915185928345, 0.8667303919792175, 0.8657694458961487, 0.8638590574264526, 0.8647463321685791, 0.8664959669113159, 0.8662792444229126]}, "pr_auc": {"1": [0.43133339285850525, 0.5646737813949585, 0.6071019768714905, 0.6276857256889343, 0.6472042798995972, 0.6604055166244507, 0.6778247356414795, 0.68094801902771, 0.6828490495681763], "2": [0.44656458497047424, 0.5693049430847168, 0.6074246764183044, 0.6279525756835938, 0.648603618144989, 0.6623327136039734, 0.6820886135101318, 0.6833741664886475, 0.6874730587005615, 0.6900322437286377, 0.6904476881027222, 0.6909879446029663], "3": [0.4303331673145294, 0.5671557188034058, 0.6051174402236938, 0.6239457130432129, 0.6413279175758362, 0.654705286026001, 0.6718655228614807, 0.6741427779197693, 0.6790830492973328], "4": [0.4588863253593445, 0.5692349076271057, 0.6076791286468506, 0.6295936703681946, 0.6478951573371887, 0.6698920130729675, 0.6740469932556152, 0.6798784136772156], "5": [0.45566368103027344, 0.5674468874931335, 0.60572350025177, 0.6264706254005432, 0.6406776309013367, 0.6580922603607178, 0.6772850751876831, 0.6804475784301758, 0.6832268834114075, 0.68565833568573, 0.6850992441177368, 0.6868979334831238, 0.6863938570022583], "6": [0.4335361123085022, 0.5678070783615112, 0.6062063574790955, 0.6261882781982422, 0.6445080041885376, 0.6634832620620728, 0.6643683910369873, 0.6699144244194031, 0.6712545156478882, 0.6711007356643677, 0.6718433499336243, 0.6713139414787292, 0.671708881855011], "7": [0.44372066855430603, 0.5671565532684326, 0.6011258363723755, 0.6219074726104736, 0.6420562267303467, 0.6576046347618103, 0.6693993806838989, 0.6862958669662476, 0.6885900497436523, 0.6898520588874817], "8": [0.4509147107601166, 0.5719098448753357, 0.6097815036773682, 0.6306684017181396, 0.6492956876754761, 0.663027286529541, 0.6812191605567932, 0.6872608065605164, 0.6900801658630371], "9": [0.4538014233112335, 0.5684223175048828, 0.6027907729148865, 0.6230325698852539, 0.6395553946495056, 0.6515528559684753, 0.6670277118682861, 0.6774176359176636, 0.689373254776001, 0.6927075386047363, 0.6955893039703369], "10": [0.438782662153244, 0.5677258372306824, 0.6064554452896118, 0.6281532645225525, 0.6487663984298706, 0.6592658758163452, 0.6673154830932617, 0.6800540685653687, 0.6951562166213989, 0.7001392245292664, 0.7027063965797424]}, "val_pr_auc": {"1": [0.4588639438152313, 0.48257511854171753, 0.49012377858161926, 0.4966222643852234, 0.49585554003715515, 0.4932350516319275, 0.49380043148994446, 0.493158757686615, 0.493338942527771], "2": [0.48806536197662354, 0.4915464222431183, 0.5011398196220398, 0.5013394951820374, 0.5044780373573303, 0.505854606628418, 0.5066667199134827, 0.5062780976295471, 0.5071450471878052, 0.5072570443153381, 0.5072706937789917, 0.5075444579124451], "3": [0.4767642319202423, 0.4891532063484192, 0.49561452865600586, 0.5053904056549072, 0.5027099847793579, 0.5069146752357483, 0.5070722103118896, 0.5075228214263916, 0.5077561736106873], "4": [0.4691285789012909, 0.49338167905807495, 0.5061841607093811, 0.5067067742347717, 0.5062267780303955, 0.5094200372695923, 0.5099940896034241, 0.5097143054008484], "5": [0.4799792766571045, 0.47912099957466125, 0.49238020181655884, 0.49787256121635437, 0.4997195899486542, 0.49985405802726746, 0.5022084712982178, 0.5022322535514832, 0.5026800036430359, 0.5030052661895752, 0.5028849840164185, 0.5029760599136353, 0.5029374361038208], "6": [0.47522321343421936, 0.4824120104312897, 0.4900055229663849, 0.4911651909351349, 0.4928200840950012, 0.49393242597579956, 0.49402153491973877, 0.49380654096603394, 0.49396809935569763, 0.49410280585289, 0.49406158924102783, 0.49387121200561523, 0.49375277757644653],