{"roc_auc": {"1": [0.8197360038757324, 0.8717048168182373, 0.884297251701355, 0.8916937112808228, 0.8968757390975952, 0.9007327556610107, 0.9035456776618958, 0.9065186381340027, 0.9083597660064697, 0.9101110696792603, 0.9127711057662964, 0.9132958650588989], "2": [0.8255031108856201, 0.8724141120910645, 0.8851665258407593, 0.8926458954811096, 0.8975023031234741, 0.9015895128250122, 0.9043715596199036, 0.9081891775131226, 0.9103232026100159, 0.9124352931976318], "3": [0.8172979354858398, 0.871945321559906, 0.8831173181533813, 0.8898253440856934, 0.896265983581543, 0.9005334973335266, 0.9037123322486877, 0.905726969242096, 0.907059371471405, 0.9094064831733704, 0.9130767583847046], "4": [0.8241780996322632, 0.8728786706924438, 0.8839487433433533, 0.8911440372467041, 0.898689329624176, 0.9012697339057922, 0.9051477313041687, 0.9062868356704712, 0.9099404215812683, 0.9116755127906799, 0.9129859805107117, 0.9148940443992615], "5": [0.819247841835022, 0.8743196725845337, 0.8857326507568359, 0.8923014402389526, 0.8980371952056885, 0.902703046798706, 0.9051785469055176, 0.9075513482093811, 0.9088228344917297, 0.9112462401390076, 0.91426020860672, 0.9159513115882874], "6": [0.816523015499115, 0.8711329698562622, 0.8853086233139038, 0.8915318250656128, 0.8964496850967407, 0.9014860391616821, 0.9047383666038513, 0.9075155854225159, 0.9097016453742981, 0.9121665358543396, 0.9126522541046143, 0.9156782031059265], "7": [0.8189608454704285, 0.8694928884506226, 0.8830615878105164, 0.8904451131820679, 0.8953083157539368, 0.8995023965835571, 0.9022332429885864, 0.904361367225647, 0.9074552059173584, 0.9103334546089172, 0.9116382002830505], "8": [0.8158875107765198, 0.8713440895080566, 0.8829531073570251, 0.8904202580451965, 0.8966012597084045, 0.900046169757843, 0.9033814668655396, 0.9060254693031311, 0.9081352353096008, 0.909248948097229, 0.9124959707260132, 0.9141393303871155, 0.9146201610565186, 0.9160556793212891, 0.9176647067070007], "9": [0.8250960111618042, 0.8741823434829712, 0.8850316405296326, 0.8927886486053467, 0.8978835940361023, 0.9036219716072083, 0.9069563746452332, 0.9092462062835693, 0.9111208319664001], "10": [0.8175356388092041, 0.8741172552108765, 0.8840029239654541, 0.8930085301399231, 0.8968179225921631, 0.9001379609107971, 0.9051425457000732, 0.9057872295379639]}, "val_roc_auc": {"1": [0.8552863597869873, 0.8633458018302917, 0.8630470037460327, 0.8650451898574829, 0.8632099032402039, 0.8640548586845398, 0.8650299310684204, 0.8647685050964355, 0.8640137910842896, 0.8635931015014648, 0.8639622926712036, 0.8629602193832397], "2": [0.8564313650131226, 0.8580896258354187, 0.859096348285675, 0.86295086145401, 0.8613616228103638, 0.861115574836731, 0.8629555702209473, 0.863032877445221, 0.8626261949539185, 0.8637677431106567], "3": [0.8452415466308594, 0.8520423173904419, 0.8579197525978088, 0.8593717217445374, 0.8594678044319153, 0.8622922897338867, 0.8629274368286133, 0.8609057664871216, 0.8619253635406494, 0.8609187006950378, 0.8606526851654053], "4": [0.8475373983383179, 0.8591806888580322, 0.8635790348052979, 0.8655292391777039, 0.8645622730255127, 0.8639411926269531, 0.8649759292602539, 0.8649349808692932, 0.8645259737968445, 0.8656862378120422, 0.8632439374923706, 0.863404393196106], "5": [0.8504778146743774, 0.8610991835594177, 0.8619265556335449, 0.8607019186019897, 0.864510715007782, 0.8635357022285461, 0.864935040473938, 0.8631758689880371, 0.8620601892471313, 0.8642552495002747, 0.8645365834236145, 0.8641356825828552], "6": [0.856562614440918, 0.8603256940841675, 0.8612058162689209, 0.8631876707077026, 0.8656065464019775, 0.8647685647010803, 0.8662910461425781, 0.8673386573791504, 0.866790235042572, 0.8664562702178955, 0.8677886724472046, 0.8656510710716248], "7": [0.8514165282249451, 0.8565813302993774, 0.8568543195724487, 0.858761191368103, 0.8616839647293091, 0.8613347411155701, 0.8629087209701538, 0.8613054752349854, 0.8591256141662598, 0.8629415035247803, 0.8609668016433716], "8": [0.859575629234314, 0.8602834939956665, 0.8647650480270386, 0.8652490973472595, 0.863057553768158, 0.8644860982894897, 0.8643349409103394, 0.8639165759086609, 0.8649948239326477, 0.866360068321228, 0.8663694858551025, 0.865695595741272, 0.8659721612930298, 0.8668018579483032, 0.8662558197975159], "9": [0.8516098856925964, 0.8597174286842346, 0.8571473360061646, 0.8600714206695557, 0.8593576550483704, 0.8591502904891968, 0.861461341381073, 0.8629250526428223, 0.8594174385070801], "10": [0.8504683971405029, 0.8562402725219727, 0.8597549796104431, 0.8607218265533447, 0.8605507612228394, 0.8626602292060852, 0.8598534464836121, 0.861399233341217]}, "pr_auc": {"1": [0.44880983233451843, 0.5655601024627686, 0.5951375961303711, 0.6167473793029785, 0.6284377574920654, 0.6389704346656799, 0.6518880724906921, 0.6555240154266357, 0.6644241809844971, 0.6681320667266846, 0.6755416393280029, 0.6771929264068604], "2": [0.4528827369213104, 0.5676305890083313, 0.5996997356414795, 0.6201854944229126, 0.631075918674469, 0.6438291668891907, 0.6558763384819031, 0.6598527431488037, 0.6681665182113647, 0.6746580600738525], "3": [0.4507544934749603, 0.5637558698654175, 0.5972809195518494, 0.6137978434562683, 0.6291760206222534, 0.6381416916847229, 0.6478387117385864, 0.6535647511482239, 0.6616970300674438, 0.6682870984077454, 0.6761234998703003], "4": [0.44394922256469727, 0.5642076730728149, 0.5920323133468628, 0.6114104390144348, 0.6279026865959167, 0.6375092267990112, 0.6451390385627747, 0.6553948521614075, 0.6639565825462341, 0.6682847142219543, 0.673555850982666, 0.6786051988601685], "5": [0.4497185945510864, 0.569166362285614, 0.5944232940673828, 0.6188661456108093, 0.6308683753013611, 0.6446747183799744, 0.6509230136871338, 0.6578613519668579, 0.6637841463088989, 0.6705294847488403, 0.6778488159179688, 0.6829869151115417], "6": [0.4437920153141022, 0.567314863204956, 0.599453866481781, 0.6166063547134399, 0.6277268528938293, 0.6393954753875732, 0.6478307247161865, 0.6599230766296387, 0.6655474305152893, 0.6710320711135864, 0.6796877384185791, 0.6805761456489563], "7": [0.43702855706214905, 0.5611159801483154, 0.5951943397521973, 0.6129313707351685, 0.6264716982841492, 0.6381147503852844, 0.6457400918006897, 0.6528770923614502, 0.6625200510025024, 0.6698958277702332, 0.6732812523841858], "8": [0.44158050417900085, 0.5611329078674316, 0.5932013392448425, 0.6131644248962402, 0.6251501441001892, 0.6387489438056946, 0.6463771462440491, 0.6536170244216919, 0.6585376262664795, 0.6671234369277954, 0.6742070913314819, 0.677545428276062, 0.6817879676818848, 0.6848970055580139, 0.6889806985855103], "9": [0.45982253551483154, 0.5729005932807922, 0.5977794528007507, 0.6185217499732971, 0.6346107125282288, 0.645664632320404, 0.6559480428695679, 0.6629063487052917, 0.6681508421897888], "10": [0.4465028941631317, 0.5634589791297913, 0.5958033204078674, 0.6179074048995972, 0.6299420595169067, 0.6388959288597107, 0.6497520208358765, 0.657846987247467]}, "val_pr_auc": {"1": [0.4762141704559326, 0.4977248013019562, 0.4977050721645355, 0.5000079870223999, 0.49932125210762024, 0.5017328858375549, 0.5023703575134277, 0.5019733905792236, 0.5014480352401733, 0.5014505386352539, 0.4986119568347931, 0.4995911717414856], "2": [0.4791440963745117, 0.4836598038673401, 0.4880804419517517, 0.4931271970272064, 0.4894258677959442, 0.49027571082115173, 0.49285632371902466, 0.4932525157928467, 0.4945971369743347, 0.4965900182723999], "3": [0.46994999051094055, 0.48060476779937744, 0.49231240153312683, 0.4964083135128021, 0.49503594636917114, 0.49996235966682434, 0.5003250241279602, 0.4988340437412262, 0.49831581115722656, 0.4995404779911041, 0.49756094813346863], "4": [0.4794812798500061, 0.48532333970069885, 0.5004875659942627, 0.49913185834884644, 0.4960891604423523, 0.49706006050109863, 0.5005000233650208, 0.4987219572067261, 0.49654850363731384, 0.49736103415489197, 0.4933687746524811, 0.4955713450908661],