{"roc_auc": {"1": [0.8111408948898315, 0.8761125802993774, 0.8984453678131104, 0.9103258848190308, 0.9228084683418274, 0.9252575039863586, 0.9267264604568481, 0.9288508296012878, 0.9301502108573914, 0.92997145652771], "2": [0.8026852607727051, 0.8727279305458069, 0.8927611112594604, 0.9072631597518921, 0.9187106490135193, 0.9298940300941467, 0.9400995373725891, 0.9426506757736206, 0.9435031414031982], "3": [0.811934769153595, 0.8759787082672119, 0.898314356803894, 0.9116292595863342, 0.9227462410926819, 0.9370880722999573, 0.9381020665168762, 0.9410583972930908], "4": [0.8081391453742981, 0.8755378723144531, 0.8929314017295837, 0.9068359136581421, 0.9178794026374817, 0.9267725944519043, 0.937061071395874, 0.9379612803459167, 0.94089275598526], "5": [0.8079397082328796, 0.8766560554504395, 0.896284818649292, 0.9105865359306335, 0.9210402965545654, 0.9347755312919617, 0.9353737235069275, 0.9378800988197327], "6": [0.8125507235527039, 0.8766652345657349, 0.8978965878486633, 0.9140645265579224, 0.9244513511657715, 0.9387856125831604, 0.9419770240783691, 0.9428259134292603], "7": [0.8046045303344727, 0.8721375465393066, 0.8933918476104736, 0.9040600061416626, 0.9158655405044556, 0.9265937805175781, 0.9290633797645569, 0.9303930401802063], "8": [0.8007984757423401, 0.8715437054634094, 0.8920872807502747, 0.9012683629989624, 0.9113596081733704, 0.9176464080810547, 0.9249683022499084, 0.9321284294128418, 0.9332395195960999, 0.9351531863212585], "9": [0.804703950881958, 0.8721200227737427, 0.8910648822784424, 0.9052560925483704, 0.9134827852249146, 0.9239436984062195, 0.9273312091827393, 0.9284526109695435, 0.9282193183898926, 0.9287949800491333], "10": [0.8112671375274658, 0.8754878044128418, 0.8959668874740601, 0.9080668687820435, 0.91867995262146, 0.9301511645317078, 0.9320318698883057, 0.9347037076950073]}, "val_roc_auc": {"1": [0.8559191823005676, 0.8637114763259888, 0.8628547787666321, 0.86688631772995, 0.8668241500854492, 0.8657857775688171, 0.8658233284950256, 0.8660752773284912, 0.8660588264465332, 0.8660577535629272], "2": [0.8590295314788818, 0.8554726839065552, 0.8618457317352295, 0.8639236092567444, 0.8616125583648682, 0.8581880927085876, 0.8571907877922058, 0.8573641777038574, 0.857636034488678], "3": [0.8536186218261719, 0.8568907380104065, 0.8661468029022217, 0.8614847660064697, 0.8653954863548279, 0.8662440776824951, 0.8654798865318298, 0.8652268052101135], "4": [0.849583625793457, 0.8616242408752441, 0.8623332381248474, 0.8623743057250977, 0.8589897155761719, 0.8613488078117371, 0.8604909777641296, 0.861511766910553, 0.861117959022522], "5": [0.855707049369812, 0.8623508810997009, 0.8621551394462585, 0.8588642477989197, 0.8583099246025085, 0.8579395413398743, 0.8586276173591614, 0.8577789664268494], "6": [0.850394606590271, 0.8594139814376831, 0.862643837928772, 0.8595064878463745, 0.8587974905967712, 0.8584892749786377, 0.8583170175552368, 0.8580299019813538], "7": [0.8567207455635071, 0.8653310537338257, 0.867153525352478, 0.8665006756782532, 0.8648412823677063, 0.8682668209075928, 0.8687907457351685, 0.868777871131897], "8": [0.8525509834289551, 0.8540369868278503, 0.8608214855194092, 0.8643115162849426, 0.8655315041542053, 0.8654624223709106, 0.8653475046157837, 0.8657916784286499, 0.8662147521972656, 0.8666542768478394], "9": [0.8510696887969971, 0.8598229289054871, 0.8639903664588928, 0.8654037714004517, 0.8659123778343201, 0.8662335276603699, 0.8669307827949524, 0.8666823506355286, 0.8667151927947998, 0.8667374849319458], "10": [0.8467897176742554, 0.8649912476539612, 0.8682644963264465, 0.8638110160827637, 0.8573009371757507, 0.8617941737174988, 0.8615914583206177, 0.8611695170402527]}, "pr_auc": {"1": [0.43033382296562195, 0.5752105116844177, 0.6207840442657471, 0.6581881642341614, 0.6977450847625732, 0.7041262984275818, 0.7086659669876099, 0.7156310677528381, 0.7180237174034119, 0.7182218432426453], "2": [0.4272933006286621, 0.5621232390403748, 0.6149916648864746, 0.6478244662284851, 0.6843478679656982, 0.7139116525650024, 0.7482736706733704, 0.7550129890441895, 0.7602525949478149], "3": [0.4371812045574188, 0.5743314623832703, 0.6263229846954346, 0.668185293674469, 0.6947485208511353, 0.7402961850166321, 0.7441273927688599, 0.7516401410102844], "4": [0.43362993001937866, 0.5734896659851074, 0.6151999235153198, 0.6530466675758362, 0.6796736717224121, 0.7073690295219421, 0.7388525605201721, 0.7428619861602783, 0.7531656622886658], "5": [0.4427986145019531, 0.574043333530426, 0.6253358125686646, 0.6569949388504028, 0.6872867345809937, 0.7302150130271912, 0.7344911098480225, 0.7413305640220642], "6": [0.4427141845226288, 0.5775398015975952, 0.6302521228790283, 0.6693893671035767, 0.69724041223526, 0.7421108484268188, 0.7504565715789795, 0.758861243724823], "7": [0.42443034052848816, 0.5650218725204468, 0.6097402572631836, 0.6446714997291565, 0.6771363019943237, 0.7072093486785889, 0.7123408317565918, 0.7177279591560364], "8": [0.3924078941345215, 0.5654177069664001, 0.6089344620704651, 0.638157069683075, 0.6668574810028076, 0.6851727366447449, 0.7030187845230103, 0.7233548164367676, 0.7282935380935669, 0.7342619895935059], "9": [0.4380700886249542, 0.5675541758537292, 0.6094048023223877, 0.6490190029144287, 0.6682234406471252, 0.7016953229904175, 0.7090720534324646, 0.7129185199737549, 0.7111015915870667, 0.7150867581367493], "10": [0.43110230565071106, 0.57362300157547, 0.6259605884552002, 0.658976137638092, 0.6872377991676331, 0.7197944521903992, 0.7282556295394897, 0.7337111830711365]}, "val_pr_auc": {"1": [0.48740729689598083, 0.502334713935852, 0.5011275410652161, 0.5057439804077148, 0.5058839917182922, 0.5061671733856201, 0.5058145523071289, 0.5058961510658264, 0.5060802102088928, 0.5060537457466125], "2": [0.4803120493888855, 0.48185306787490845, 0.49103081226348877, 0.49294325709342957, 0.49481669068336487, 0.48939061164855957, 0.48975449800491333, 0.48944833874702454, 0.4895893931388855], "3": [0.46252310276031494, 0.47588929533958435, 0.48971888422966003, 0.47499293088912964, 0.4814451038837433, 0.4869769811630249, 0.48455458879470825, 0.4846111238002777], "4": [0.4774138927459717, 0.4964030683040619, 0.4959354102611542, 0.49923306703567505, 0.4959062933921814, 0.4973656237125397, 0.49670228362083435, 0.49840646982192993, 0.49758023023605347], "5": [0.47668319940567017, 0.4893535375595093, 0.49713966250419617, 0.49524030089378357, 0.4916040301322937, 0.4908151626586914, 0.4919322729110718, 0.4914780259132385], "6": [0.474264919757843, 0.4957747459411621, 0.49752309918403625, 0.4954386055469513, 0.4926129877567291, 0.4947805404663086, 0.4947409927845001, 0.49524593353271484], "7": [0.48764973878860474, 0.4942147433757782, 0.501888632774353, 0.4963112473487854, 0.4960689842700958, 0.500033974647522, 0.49997660517692566, 0.5005802512168884], "8": [0.4773121178150177, 0.48831769824028015, 0.5024145245552063, 0.5038254261016846, 0.5071462988853455, 0.5049530267715454, 0.5058652758598328, 0.5072664022445679, 0.5073091983795166, 0.5077216029167175], "9": [0.4781731367111206, 0.4884425401687622, 0.5026171207427979, 0.5039845108985901, 0.5019688010215759, 0.5031113624572754, 0.5040531754493713, 0.5039156079292297, 0.5039516687393188, 0.5038442611694336], "10": [0.4698827564716339, 0.4963119328022003, 0.5039437413215637, 0.4899851083755493, 0.48744964599609375, 0.4921700358390808, 0.4922882318496704, 0.4920557141304016]}, "precision": {"1": [0.5799999833106995, 0.7310344576835632, 0.75, 0.7942643165588379, 0.8309524059295654, 0.8127853870391846, 0.8300577998161316, 0.8282485604286194, 0.8350515365600586, 0.8381171226501465], "2": [0.6191999912261963, 0.7272727489471436, 0.7744565010070801, 0.7819082736968994, 0.8126491904258728, 0.8289322853088379, 0.8397790193557739, 0.8378087878227234, 0.8422175049781799], "3": [0.6046153903007507, 0.7539568543434143, 0.7740259766578674, 0.7857974171638489, 0.8105263113975525, 0.8445945978164673, 0.8425624370574951, 0.8549450635910034],