{"roc_auc": {"1": [0.8112547993659973, 0.8748701810836792, 0.8948891162872314, 0.9108771085739136, 0.9227334856987, 0.9369330406188965, 0.938219428062439, 0.9398674964904785], "2": [0.8095079064369202, 0.8742833137512207, 0.8951510190963745, 0.90965336561203, 0.9201891422271729, 0.9307515025138855, 0.9395333528518677, 0.9473518133163452, 0.9492784142494202, 0.9515113234519958], "3": [0.81316739320755, 0.874121904373169, 0.8895754814147949, 0.8991003632545471, 0.9067714810371399, 0.9133496284484863, 0.921027660369873, 0.9224737882614136, 0.9233729839324951], "4": [0.8147255182266235, 0.8771936893463135, 0.895521879196167, 0.910611629486084, 0.9210327863693237, 0.9352426528930664, 0.9366428256034851, 0.9385751485824585, 0.939641535282135, 0.940766453742981, 0.9414159059524536], "5": [0.8146673440933228, 0.8766284584999084, 0.8976237773895264, 0.9093256592750549, 0.9226275682449341, 0.9323815107345581, 0.941914975643158, 0.9424850940704346, 0.9444984793663025], "6": [0.8128294348716736, 0.8761974573135376, 0.8965560793876648, 0.9117072224617004, 0.922073483467102, 0.9341452121734619, 0.9381102919578552, 0.9379960894584656, 0.9405943155288696, 0.9413721561431885, 0.9407528042793274], "7": [0.8129851818084717, 0.8755115866661072, 0.894111156463623, 0.9085612297058105, 0.9189279675483704, 0.9278674125671387, 0.937178909778595, 0.9402120113372803, 0.941736102104187], "8": [0.8135836124420166, 0.8746768236160278, 0.8926698565483093, 0.9069629907608032, 0.9177609086036682, 0.9287285804748535, 0.9310538172721863, 0.9321120381355286], "9": [0.8135031461715698, 0.876227080821991, 0.8957352042198181, 0.9090147614479065, 0.9205033779144287, 0.9282773733139038, 0.9403347373008728, 0.9416850805282593, 0.9439105987548828], "10": [0.8008129000663757, 0.874453067779541, 0.8912312388420105, 0.9007389545440674, 0.9116742610931396, 0.9188198447227478, 0.9241765737533569, 0.9339154958724976, 0.9347337484359741, 0.9354658126831055]}, "val_roc_auc": {"1": [0.8514797687530518, 0.857634961605072, 0.8654108047485352, 0.8653193712234497, 0.8613804578781128, 0.8605331778526306, 0.860324501991272, 0.8603842854499817], "2": [0.8434461355209351, 0.864974856376648, 0.8645119071006775, 0.864507257938385, 0.866390585899353, 0.8644134998321533, 0.8679903149604797, 0.8667246103286743, 0.8675520420074463, 0.8656991720199585], "3": [0.848838210105896, 0.8588619232177734, 0.8600937128067017, 0.8616699576377869, 0.863330602645874, 0.8605998754501343, 0.8625348210334778, 0.8630926609039307, 0.862916886806488], "4": [0.8498157262802124, 0.8589310646057129, 0.8626825213432312, 0.8639317750930786, 0.8643946647644043, 0.8673187494277954, 0.8671932816505432, 0.8685469031333923, 0.8665874600410461, 0.866743266582489, 0.86678546667099], "5": [0.8525182008743286, 0.8514528274536133, 0.8581798672676086, 0.8619254231452942, 0.8561887741088867, 0.8605612516403198, 0.8592393398284912, 0.8604205846786499, 0.859567403793335], "6": [0.858443558216095, 0.8607757091522217, 0.86485755443573, 0.8662968277931213, 0.8667562007904053, 0.8673961162567139, 0.8670433163642883, 0.8669987320899963, 0.8669085502624512, 0.8667842745780945, 0.866821825504303], "7": [0.8506629467010498, 0.8611788749694824, 0.8638193607330322, 0.8615445494651794, 0.8662381768226624, 0.8625277876853943, 0.8628982901573181, 0.8624622225761414, 0.8615668416023254], "8": [0.854175329208374, 0.8624187707901001, 0.8659158945083618, 0.865667462348938, 0.8617767095565796, 0.8639986515045166, 0.8646537065505981, 0.8640537261962891], "9": [0.8509383797645569, 0.8621105551719666, 0.8597901463508606, 0.8594174385070801, 0.858316957950592, 0.8580919504165649, 0.8591490983963013, 0.8587892651557922, 0.8586850166320801], "10": [0.8526576161384583, 0.8586779832839966, 0.860258936882019, 0.86378413438797, 0.8637688755989075, 0.8624773621559143, 0.864896297454834, 0.8640490174293518, 0.8631114363670349, 0.8630552291870117]}, "pr_auc": {"1": [0.4479292035102844, 0.5652031898498535, 0.6217538118362427, 0.6609174609184265, 0.6929154992103577, 0.7407472133636475, 0.7437389492988586, 0.7524462938308716], "2": [0.44051605463027954, 0.5718647241592407, 0.6189423203468323, 0.6586568355560303, 0.6884900331497192, 0.7175126671791077, 0.7484778761863708, 0.776963472366333, 0.7850123643875122, 0.7913095951080322], "3": [0.42342516779899597, 0.5689150094985962, 0.6104597449302673, 0.637962281703949, 0.6564677357673645, 0.6722657084465027, 0.6988542079925537, 0.6989606022834778, 0.7054060101509094], "4": [0.4427984952926636, 0.5738602876663208, 0.6240633726119995, 0.6609541773796082, 0.6859171390533447, 0.7305581569671631, 0.7355726957321167, 0.7440721392631531, 0.7472184896469116, 0.7495456337928772, 0.750964879989624], "5": [0.45234954357147217, 0.5731667280197144, 0.6189408302307129, 0.6578687429428101, 0.6918893456459045, 0.7161714434623718, 0.7543214559555054, 0.7569525241851807, 0.7620167136192322], "6": [0.44481581449508667, 0.5753335952758789, 0.627106249332428, 0.6643011569976807, 0.6939563155174255, 0.7325246334075928, 0.7463618516921997, 0.7482885718345642, 0.7539013624191284, 0.7563468813896179, 0.7554563879966736], "7": [0.44576165080070496, 0.5714383125305176, 0.6189083456993103, 0.6534659266471863, 0.6852856874465942, 0.7115020751953125, 0.7427055835723877, 0.7510421276092529, 0.7578091621398926], "8": [0.441117525100708, 0.5762302279472351, 0.6192670464515686, 0.6521008610725403, 0.6817298531532288, 0.7154508233070374, 0.722511351108551, 0.7246308326721191], "9": [0.43972140550613403, 0.5767741799354553, 0.6206589937210083, 0.6609050035476685, 0.6870447993278503, 0.714053750038147, 0.7527303695678711, 0.757342517375946, 0.7642319798469543], "10": [0.4262917637825012, 0.5698502659797668, 0.6099873185157776, 0.6378706693649292, 0.6689800024032593, 0.6840313673019409, 0.7077265977859497, 0.7363379597663879, 0.7374324798583984, 0.7406166791915894]}, "val_pr_auc": {"1": [0.47098737955093384, 0.4875962734222412, 0.5019479393959045, 0.49628016352653503, 0.4938746988773346, 0.49439921975135803, 0.4922775328159332, 0.4925979971885681], "2": [0.4603889286518097, 0.504135251045227, 0.5080921649932861, 0.5067811608314514, 0.5062637329101562, 0.5067158937454224, 0.5094004273414612, 0.5085468888282776, 0.5079397559165955, 0.5073951482772827], "3": [0.47202247381210327, 0.49586981534957886, 0.499313086271286, 0.49950936436653137, 0.501537561416626, 0.5012839436531067, 0.5028741359710693, 0.5015206933021545, 0.5022962689399719], "4": [0.47524294257164, 0.49011892080307007, 0.4955672025680542, 0.49753475189208984, 0.5020644068717957, 0.5043317079544067, 0.5043966770172119, 0.5049008727073669, 0.50431227684021, 0.5041525363922119, 0.5039918422698975], "5": [0.45864367485046387, 0.4784226715564728, 0.4948636293411255, 0.49577412009239197, 0.4880259931087494, 0.4959985613822937, 0.4946534037590027, 0.49574244022369385, 0.4948995113372803], "6": [0.4826183617115021, 0.4926273226737976, 0.5054996609687805, 0.5133460164070129, 0.5115809440612793, 0.5158937573432922, 0.5172015428543091, 0.5169394612312317, 0.5169467329978943, 0.5167102217674255, 0.5166054368019104], "7": [0.47142118215560913, 0.48938488960266113, 0.49620386958122253, 0.49609407782554626, 0.5030112862586975, 0.4981130063533783, 0.5001451969146729, 0.5002301335334778, 0.4991399943828583], "8": [0.47903475165367126, 0.4834643006324768, 0.49536269903182983, 0.49464279413223267, 0.4889529049396515, 0.492770254611969, 0.4932030737400055, 0.4935825765132904], "9": [0.4725271761417389, 0.4964032769203186, 0.49780741333961487, 0.5025778412818909, 0.4995116889476776, 0.5002908706665039, 0.5034421682357788, 0.5024628043174744, 0.5027192831039429], "10": [0.4746943712234497, 0.49630191922187805, 0.49549657106399536, 0.4993346333503723, 0.5028717517852783, 0.5038188695907593, 0.5071327090263367, 0.5058290958404541, 0.5051398277282715, 0.505161702632904]},