{"roc_auc": {"1": [0.7851940393447876, 0.8573755025863647, 0.8731556534767151, 0.885765552520752, 0.8950046300888062, 0.9055179953575134, 0.914090096950531, 0.9242159724235535, 0.9332097172737122, 0.9442710876464844], "2": [0.7875055074691772, 0.8590993285179138, 0.8768263459205627, 0.8881005048751831, 0.8965071439743042, 0.9051063656806946, 0.9167102575302124], "3": [0.7843557000160217, 0.8573085069656372, 0.8772470951080322, 0.8887985944747925, 0.8984125852584839, 0.9064544439315796, 0.9175090193748474, 0.9275640845298767], "4": [0.7855345010757446, 0.8570189476013184, 0.8747177720069885, 0.88556969165802, 0.8945682048797607, 0.9043011665344238], "5": [0.7898397445678711, 0.8598059415817261, 0.8786733150482178, 0.8880243301391602, 0.8963314890861511, 0.9062838554382324, 0.9180787801742554, 0.9275822043418884], "6": [0.789084792137146, 0.8588916063308716, 0.877313494682312, 0.8863427639007568, 0.8972693681716919, 0.9095752239227295, 0.9174397587776184], "7": [0.7867289185523987, 0.8620940446853638, 0.8740012049674988, 0.8858336210250854, 0.8950629830360413, 0.9055195450782776, 0.9138519763946533, 0.9247967004776001], "8": [0.783018946647644, 0.8608349561691284, 0.877460241317749, 0.8860299587249756, 0.8962142467498779, 0.9053975343704224, 0.9168301224708557, 0.9227394461631775], "9": [0.7881406545639038, 0.8579105138778687, 0.8776407241821289, 0.8878625631332397, 0.8978897929191589, 0.90757155418396, 0.9178394675254822], "10": [0.7796008586883545, 0.8584761619567871, 0.874578595161438, 0.8862683176994324, 0.89723801612854, 0.9058225154876709, 0.9163531064987183, 0.923498809337616]}, "val_roc_auc": {"1": [0.8466115593910217, 0.8627715706825256, 0.8593037128448486, 0.8616453409194946, 0.8698946833610535, 0.8659217953681946, 0.8667222261428833, 0.8561020493507385, 0.8537533283233643, 0.8479123115539551], "2": [0.8303600549697876, 0.8533806800842285, 0.8613898158073425, 0.8650369644165039, 0.8560739755630493, 0.8637677431106567, 0.8638755679130554], "3": [0.8408536911010742, 0.8600280284881592, 0.8602179288864136, 0.8615586161613464, 0.8650392293930054, 0.8615140914916992, 0.8574309945106506, 0.850732147693634], "4": [0.8461556434631348, 0.8599483966827393, 0.865608811378479, 0.8643220663070679, 0.8586615324020386, 0.863381028175354], "5": [0.8341560363769531, 0.8567066788673401, 0.865312397480011, 0.8605284690856934, 0.8602975606918335, 0.8645845651626587, 0.8601522445678711, 0.8593108057975769], "6": [0.8571321368217468, 0.8634361028671265, 0.8689325451850891, 0.869574785232544, 0.8646712899208069, 0.8704619407653809, 0.8697693347930908], "7": [0.8577110767364502, 0.8472760915756226, 0.8641099333763123, 0.87132328748703, 0.876621663570404, 0.8686465620994568, 0.8618937730789185, 0.8642552495002747], "8": [0.8486448526382446, 0.8553683161735535, 0.8546640276908875, 0.8605248928070068, 0.8608109354972839, 0.856875479221344, 0.8526365756988525, 0.8629204034805298], "9": [0.8532928228378296, 0.8638239502906799, 0.8708510398864746, 0.868696928024292, 0.868741512298584, 0.8672425746917725, 0.8645974397659302], "10": [0.83779376745224, 0.8576196432113647, 0.865924060344696, 0.872170627117157, 0.8685000538825989, 0.8701114654541016, 0.854271411895752, 0.8649396896362305]}, "pr_auc": {"1": [0.37306755781173706, 0.5265256762504578, 0.570946455001831, 0.6010750532150269, 0.6300048828125, 0.658507764339447, 0.6909858584403992, 0.726912796497345, 0.7533032298088074, 0.7981685400009155], "2": [0.3726866543292999, 0.5283519625663757, 0.5683911442756653, 0.6045563220977783, 0.6317222118377686, 0.6599721908569336, 0.6904676556587219], "3": [0.3667662739753723, 0.5329113006591797, 0.5761651396751404, 0.6027080416679382, 0.6355712413787842, 0.6577905416488647, 0.696649968624115, 0.7280612587928772], "4": [0.3731257915496826, 0.5303850769996643, 0.5698781609535217, 0.5964047312736511, 0.6268912553787231, 0.6540589928627014], "5": [0.38255253434181213, 0.5355600714683533, 0.5759397745132446, 0.6030429005622864, 0.6299379467964172, 0.6596142649650574, 0.6972643136978149, 0.7248409390449524], "6": [0.3748225271701813, 0.5310385823249817, 0.578527569770813, 0.5993726253509521, 0.6329669952392578, 0.6668128967285156, 0.6923902034759521], "7": [0.371105819940567, 0.5368601679801941, 0.5710291862487793, 0.6042170524597168, 0.6296643614768982, 0.6614571809768677, 0.6913257241249084, 0.7208482027053833], "8": [0.36231669783592224, 0.5351201295852661, 0.5791558027267456, 0.605645477771759, 0.6353186368942261, 0.6610875129699707, 0.6936529278755188, 0.7205807566642761], "9": [0.3556627333164215, 0.5345291495323181, 0.5782620906829834, 0.6056374907493591, 0.6326165795326233, 0.6613397002220154, 0.6924844980239868], "10": [0.3542005121707916, 0.5317735075950623, 0.5682182312011719, 0.5953243970870972, 0.6294326186180115, 0.6563990712165833, 0.688787043094635, 0.7224965691566467]}, "val_pr_auc": {"1": [0.46399834752082825, 0.49358779191970825, 0.4872416853904724, 0.49372634291648865, 0.5032740235328674, 0.4986599385738373, 0.49733850359916687, 0.46421417593955994, 0.47381678223609924, 0.4501132369041443], "2": [0.45533621311187744, 0.48131415247917175, 0.4931602478027344, 0.4938691258430481, 0.48438236117362976, 0.48590749502182007, 0.4925362765789032], "3": [0.4514155983924866, 0.48557791113853455, 0.4941433072090149, 0.4887710511684418, 0.49676671624183655, 0.4845863878726959, 0.47915515303611755, 0.4652385413646698], "4": [0.46201857924461365, 0.49022218585014343, 0.5052613615989685, 0.4819020926952362, 0.48791879415512085, 0.4888789653778076], "5": [0.4392441213130951, 0.47879558801651, 0.49275919795036316, 0.490623414516449, 0.49592098593711853, 0.4870108366012573, 0.46873971819877625, 0.47180551290512085], "6": [0.48670893907546997, 0.5049713850021362, 0.512376606464386, 0.5102459788322449, 0.49319055676460266, 0.5117724537849426, 0.49995678663253784], "7": [0.491052508354187, 0.4768214821815491, 0.4864535927772522, 0.5153499245643616, 0.5132349729537964, 0.485434353351593, 0.4844682216644287, 0.4741443693637848], "8": [0.46755748987197876, 0.47995203733444214, 0.4719361960887909, 0.47822892665863037, 0.4751460552215576, 0.4768444299697876, 0.46504148840904236, 0.46953245997428894], "9": [0.46267029643058777, 0.48674634099006653, 0.5106159448623657, 0.4970531463623047, 0.5018406510353088, 0.4808124899864197, 0.49814239144325256], "10": [0.447103351354599, 0.4797378182411194, 0.49337756633758545, 0.5039600729942322, 0.5070082545280457, 0.4945445954799652, 0.4615383446216583, 0.4716489315032959]}, "precision": {"1": [0.410981684923172, 0.6935251951217651, 0.7381974458694458, 0.7394540905952454, 0.7717791199684143, 0.7724686861038208, 0.7813186645507812, 0.8247638940811157, 0.819767415523529, 0.8687615394592285], "2": [0.41965028643608093, 0.6995305418968201, 0.7211796045303345, 0.7589880228042603, 0.755029559135437, 0.796274721622467, 0.7986942529678345], "3": [0.42304527759552, 0.6989721059799194, 0.7427386045455933, 0.7461734414100647, 0.7597087621688843, 0.7851335406303406, 0.8138006329536438, 0.8179043531417847], "4": [0.4111675024032593, 0.7067901492118835, 0.7388888597488403, 0.7467700242996216, 0.7664974331855774, 0.7795637249946594], "5": [0.448548823595047, 0.7047756910324097, 0.7237569093704224, 0.7334123253822327, 0.766707181930542, 0.7957497239112854, 0.813540518283844, 0.8172690868377686], "6": [0.43655723333358765, 0.6944444179534912, 0.7306666374206543, 0.7443609237670898, 0.7721675038337708, 0.7728776335716248, 0.7898158431053162], "7": [0.4227309823036194, 0.6928675174713135, 0.7164179086685181, 0.7419354915618896, 0.761904776096344, 0.7855477929115295, 0.7874864935874939, 0.8223615288734436], "8": [0.4288240373134613, 0.7106825113296509, 0.715923547744751, 0.7490729093551636, 0.7577196955680847, 0.7945205569267273, 0.7931404113769531, 0.8090999126434326], "9": [0.4077586233615875, 0.6975036859512329, 0.7431318759918213, 0.7468982338905334, 0.7584134340286255, 0.7871397137641907, 0.7857142686843872],